Order,Predicted_Price
1,180136.05
2,138058.41
3,291542.74
4,136535.7
5,91334.7
6,180533.79
7,64446.63
8,140104.85
9,173523.95
10,109925.9
11,216900.99
12,131723.9
13,335155.71
14,147124.28
15,203515.79
16,144472.1
17,153762.5
18,122542.99
19,187184.94
20,142030.42
21,187840.16
22,321704.36
23,218452.29
24,145699.01
25,199595.99
26,130340.26
27,214589.59
28,329335.11
29,284238.03
30,413424.21
31,190312.77
32,234451.5
33,115921.5
34,123965.08
35,177115.25
36,224933.2
37,182197.28
38,148768.9
39,207108.75
40,146085.24
41,292672.68
42,145856.84
43,310990.96
44,176513.87
45,295770.11
46,427581.15
47,145663.8
48,265915.64
49,130290.85
50,199977.36
51,131462.94
52,115318.2
53,154035.36
54,262489.0
55,145077.2
56,123998.01
57,332293.18
58,108197.31
59,111440.91
60,229583.32
61,188074.61
62,162678.82
63,71024.97
64,134953.91
65,140358.38
66,121829.25
67,129577.63
68,167929.17
69,190314.3
70,192014.44
71,182676.22
72,137174.25
73,212123.86
74,149243.05
75,209536.08
76,328158.03
77,169956.29
78,224553.63
79,154782.49
80,236104.1
81,148707.38
82,105636.0
83,159631.44
84,140528.0
85,110239.26
86,124335.11
87,142260.65
88,155995.5
89,201292.38
90,271960.32
91,186673.61
92,128372.91
93,129493.24
94,148076.0
95,293479.5
96,143343.5
97,160939.0
98,174089.22
99,194873.03
100,328699.15
101,268438.73
102,84367.0
103,113964.19
104,216722.94
105,134666.52
106,157135.09
107,188667.26
108,147574.0
109,162442.87
110,147267.28
111,107417.32
112,213310.1
113,166875.72
114,245814.74
115,114877.85
116,270431.02
117,123066.5
118,127472.34
119,159447.96
120,108215.33
121,138038.7
122,167738.26
123,236314.66
124,168414.01
125,183734.25
126,169610.93
127,249762.47
128,329808.62
129,364635.9
130,136512.34
131,332465.83
132,201579.85
133,113806.07
134,219288.46
135,136657.14
136,122155.38
137,482586.34
138,168337.57
139,328564.98
140,168916.5
141,133460.69
142,216435.5
143,337892.59
144,163735.06
145,158627.14
146,178292.3
147,179202.51
148,152126.5
149,129301.41
150,152345.09
151,193334.0
152,155483.37
153,217101.16
154,174878.56
155,148023.65
156,128348.6
157,90203.3
158,370281.62
159,278475.03
160,167650.64
161,110635.5
162,176246.66
163,158545.0
164,140739.6
165,135197.5
166,141978.9
167,111043.97
168,169501.69
169,111818.71
170,133590.25
171,158359.96
172,83946.2
173,195552.02
174,148134.5
175,313869.06
176,364959.44
177,140741.75
178,233885.55
179,186140.7
180,120724.16
181,143528.65
182,404432.83
183,214180.34
184,272846.57
185,73463.11
186,141411.33
187,178838.59
188,123335.23
189,176346.43
190,254385.54
191,188709.8
192,230288.27
193,127684.0
194,130461.5
195,428054.31
196,202853.05
197,129196.0
198,245887.12
199,291889.14
200,131157.0
201,195399.04
202,133851.0
203,167434.74
204,224444.27
205,259883.99
206,180157.64
207,144338.15
208,218418.65
209,226309.45
210,158054.0
211,335961.96
212,306095.59
213,132521.77
214,198321.67
215,138583.54
216,187392.14
217,125609.92
218,174722.85
219,142443.99
220,137934.75
221,137228.03
222,139635.1
223,306800.45
224,140253.64
225,411476.89
226,194886.1
227,293451.47
228,215853.29
229,197728.79
230,288635.39
231,134450.19
232,183556.34
233,147458.83
234,122694.0
235,126282.03
236,148443.5
237,172452.86
238,82198.7
239,83585.6
240,99434.0
241,93291.95
242,160573.73
243,103866.89
244,236339.05
245,156759.92
246,125835.51
247,82424.3
248,303936.68
249,212768.52
250,273243.28
251,163188.42
252,128945.0
253,59110.59
254,136817.43
255,118407.48
256,162934.44
257,156985.0
258,207441.57
259,142999.73
260,167278.41
261,197405.26
262,201044.95
263,253810.56
264,203647.76
265,190345.14
266,222242.0
267,139322.91
268,256901.23
269,269457.93
270,209481.67
271,128819.58
272,143695.8
273,137407.04
274,141265.73
275,199463.56
276,220844.82
277,183541.07
278,89609.69
279,341287.02
280,140550.5
281,134877.75
282,139010.0
283,121119.71
284,249689.23
285,168191.95
286,274492.89
287,145226.98
288,209651.19
289,152183.53
290,192145.24
291,132068.83
292,114990.82
293,126253.25
294,92528.0
295,117689.41
296,154846.24
297,282298.58
298,181247.63
299,221330.04
300,218200.3
301,306482.86
302,122187.67
303,229789.95
304,125023.19
305,154243.6
306,119610.48
307,349047.97
308,101140.9
309,213644.5
310,103120.71
311,254623.89
312,171497.76
313,133510.25
314,123632.47
315,184941.3
316,130771.32
317,278581.56
318,143734.0
319,226388.75
320,176945.5
321,112543.14
322,90541.75
323,143365.3
324,157574.5
325,121766.66
326,198136.11
327,127097.0
328,97407.0
329,216649.51
330,116326.73
331,201026.0
332,124385.23
333,159706.1
334,227262.01
335,120303.08
336,147641.7
337,146468.22
338,112092.18
339,118466.6
340,142053.0
341,229336.71
342,236955.52
343,87149.78
344,118812.0
345,178607.25
346,128307.5
347,110651.38
348,240119.48
349,182527.87
350,184263.5
351,157981.7
352,150677.0
353,142202.05
354,218179.65
355,186219.61
356,158850.3
357,199371.71
358,197444.71
359,217480.86
360,264652.4
361,281352.03
362,170400.67
363,122020.8
364,208301.68
365,129331.2
366,147101.0
367,122833.8
368,272707.33
369,136160.99
370,160980.65
371,148482.95
372,368797.92
373,351838.44
374,135388.0
375,199523.71
376,325298.04
377,163195.24
378,174777.01
379,212305.29
380,233115.88
381,177594.31
382,137541.24
383,125040.16
384,208765.5
385,141601.4
386,142060.47
387,435210.16
388,92717.23
389,122230.0
390,278581.39
391,256653.37
392,135733.94
393,171617.47
394,107645.9
395,186743.38
396,129208.0
397,123008.0
398,345789.02
399,232671.42
400,177448.05
401,121310.0
402,145155.0
403,410252.2
404,132788.3
405,205095.49
406,238413.81
407,167986.1
408,104960.71
409,158665.13
410,218134.1
411,101963.88
412,138113.22
413,187736.01
414,282523.37
415,128885.0
416,305982.64
417,138953.5
418,128664.56
419,125424.59
420,216164.02
421,220536.52
422,375246.07
423,135705.2
424,198291.02
425,127504.32
426,92189.63
427,180560.47
428,431322.56
429,129568.09
430,272147.83
431,135322.0
432,96670.91
433,117848.45
434,143004.84
435,124049.64
436,132838.01
437,358079.19
438,231170.95
439,193904.1
440,165377.76
441,118882.19
442,175480.66
443,224094.24
444,221119.45
445,193792.05
446,160488.94
447,115108.08
448,181202.78
449,134427.78
450,134600.7
451,113655.28
452,126626.5
453,164430.89
454,82411.4
455,132562.8
456,110292.9
457,271317.02
458,248629.57
459,102163.21
460,185943.88
461,119238.8
462,180971.63
463,225842.13
464,203091.25
465,118868.16
466,81936.12
467,168088.22
468,131540.31
469,373718.09
470,170882.75
471,179198.64
472,94971.2
473,278281.64
474,217383.63
475,133758.5
476,150262.74
477,459665.0
478,269306.96
479,142900.5
480,278913.33
481,156064.43
482,170350.03
483,75076.23
484,175297.92
485,139776.6
486,132009.0
487,131263.0
488,395609.57
489,255420.56
490,374231.99
491,110985.04
492,161468.34
493,157719.2
494,142958.09
495,177819.85
496,134582.59
497,164160.0
498,362571.83
499,264500.51
500,124027.78
